-- phpMyAdmin SQL Dump
-- version 4.0.10deb1
-- http://www.phpmyadmin.net
--
-- Host: localhost
-- Generation Time: Jul 20, 2017 at 09:34 PM
-- Server version: 5.5.50-0ubuntu0.14.04.1
-- PHP Version: 5.5.9-1ubuntu4.21

SET SQL_MODE = "NO_AUTO_VALUE_ON_ZERO";
SET time_zone = "+00:00";


/*!40101 SET @OLD_CHARACTER_SET_CLIENT=@@CHARACTER_SET_CLIENT */;
/*!40101 SET @OLD_CHARACTER_SET_RESULTS=@@CHARACTER_SET_RESULTS */;
/*!40101 SET @OLD_COLLATION_CONNECTION=@@COLLATION_CONNECTION */;
/*!40101 SET NAMES utf8 */;

--
-- Database: `foundation`
--
CREATE DATABASE IF NOT EXISTS `foundation` DEFAULT CHARACTER SET utf8 COLLATE utf8_general_ci;
USE `foundation`;

-- --------------------------------------------------------

--
-- Table structure for table `accident`
--

DROP TABLE IF EXISTS `accident`;
CREATE TABLE IF NOT EXISTS `accident` (
  `id` int(10) NOT NULL AUTO_INCREMENT,
  `type_id` int(10) NOT NULL,
  `title` varchar(64) NOT NULL,
  `user_id` varchar(32) NOT NULL,
  `phone` varchar(10) NOT NULL,
  `officer_id` varchar(32) NOT NULL,
  `location_x` varchar(20) NOT NULL,
  `location_y` varchar(20) NOT NULL,
  `status` int(1) NOT NULL,
  `date` varchar(20) NOT NULL,
  `date_approve` varchar(20) NOT NULL,
  PRIMARY KEY (`id`)
) ENGINE=InnoDB  DEFAULT CHARSET=utf8 AUTO_INCREMENT=415 ;

--
-- Dumping data for table `accident`
--

INSERT INTO `accident` (`id`, `type_id`, `title`, `user_id`, `phone`, `officer_id`, `location_x`, `location_y`, `status`, `date`, `date_approve`) VALUES
(121, 1, 'testๆๆๆฝ', '1496141293739021', '', '', '8.170831694037938', '99.70472004264592', 0, '2017-05-10 17:22:48', ''),
(122, 1, 'เทสๆๆ', '1496141293739021', '', '', '8.1707954', '99.7049451', 0, '2017-05-10 17:23:12', ''),
(123, 1, 'เทสๆๆ2', '1496141293739021', '', '', '8.1707954', '99.7049451', 0, '2017-05-10 17:36:59', ''),
(128, 1, 'เทสๆๆ', '1496141293739021', '', '', '8.1707954', '99.7049451', 0, '2017-05-11 10:01:10', ''),
(129, 1, 'เทสๆ2', '1496141293739021', '', '', '8.1707954', '99.7049451', 0, '2017-05-11 10:01:41', ''),
(130, 1, 'test ๆ เช้า', '1496141293739021', '', '1496141293739021', '8.1707954', '99.7049451', 2, '2017-05-12 08:14:13', '2017-05-14 16:27:29'),
(131, 1, 'เทสๆๆ', '1496141293739021', '', '', '8.1707954', '99.7049451', 0, '2017-07-01 14:24:25', ''),
(132, 1, 'xcgt', '1573676312706180', '', '', '37.4219983', '-122.084', 0, '2017-07-02 14:43:48', ''),
(133, 1, 'ทดสอบ', '1734480096569399', '', '1496141293739021', '8.1619621', '99.7238333', 0, '2017-05-15 15:52:28', '2017-05-15 15:57:38'),
(135, 1, 'ทดสอบแจ้งเหตุ 20', '1496141293739021', '', '1496141293739021', '22.53646051654342', '80.62509879469872', 1, '2017-05-16 15:10:11', '2017-05-16 15:42:44'),
(136, 2, 'เหตุ', '1961235784106567', '', '1496141293739021', '8.1619621', '99.7238333', 1, '2017-05-16 15:19:17', '2017-05-16 15:23:20'),
(137, 1, 'คคค', '1961235784106567', '', '1496141293739021', '8.1619759', '99.7238479', 2, '2017-05-16 15:21:08', '2017-05-16 15:23:57'),
(138, 4, 'ttt', '1496141293739021', '', '', '8.1619759', '99.7238479', 0, '2017-05-16 15:28:59', ''),
(139, 3, 'rr', '1496141293739021', '', '', '8.1619759', '99.7238479', 0, '2017-05-16 15:29:23', ''),
(140, 4, 'ถถถข', '1961235784106567', '', '1496141293739021', '8.1619621', '99.7238333', 2, '2017-05-16 15:30:46', '2017-05-16 15:31:26'),
(141, 1, '', '1496141293739021', '', '', '8.1619759', '99.7238479', 0, '2017-06-03 23:46:39', ''),
(142, 1, 'ดดดด', '1496141293739021', '', '', '-14.982284563119835', '19.923483096063137', 0, '2017-06-03 23:47:42', ''),
(143, 1, '', '1496141293739021', '', '', '13.9153777', '100.5885609', 0, '2017-06-03 23:48:18', ''),
(144, 1, '', '1496141293739021', '', '', '13.9153815', '100.5884729', 0, '2017-06-03 23:48:38', ''),
(145, 1, '', '1496141293739021', '', '', '13.9153815', '100.5884729', 0, '2017-06-03 23:48:55', ''),
(146, 1, 'ggtpoo', '1496141293739021', '', '', '13.9153815', '100.5884729', 0, '2017-06-03 23:49:35', ''),
(147, 1, '', '1496141293739021', '', '', '13.9153815', '100.5884729', 0, '2017-06-03 23:50:18', ''),
(148, 1, '', '1496141293739021', '', '', '13.9153815', '100.5884729', 0, '2017-06-03 23:51:09', ''),
(149, 1, '', '1496141293739021', '', '', '13.9153815', '100.5884729', 0, '2017-06-03 23:51:31', ''),
(150, 1, '', '1496141293739021', '', '', '13.9153815', '100.5884729', 0, '2017-06-03 23:52:02', ''),
(151, 1, '', '237679433383299', '', '', '13.9153815', '100.5884729', 0, '2017-06-03 23:53:24', ''),
(152, 1, 'รร', '237679433383299', '', '', '13.9153815', '100.5884729', 0, '2017-06-03 23:53:49', ''),
(153, 1, '', '1496141293739021', '', '', '13.9153815', '100.5884729', 0, '2017-06-03 23:54:38', ''),
(154, 1, 'hhhh', '1496141293739021', '', '', '13.9153815', '100.5884729', 0, '2017-06-03 23:55:04', ''),
(155, 0, 'ีตั่', '1496141293739021', '', '', '4.635638978195478', '18.870287239551544', 0, '2017-06-05 16:21:07', ''),
(156, 1, 'ปั้มๆ', '1496141293739021', '', '', '8.1707954', '99.7049451', 0, '2017-05-01 17:22:48', ''),
(157, 1, 'ปั้มๆ', '1496141293739021', '', '', '8.1707954', '99.7049451', 0, '2017-05-02 17:22:48', ''),
(158, 1, 'ปั้มๆ', '1496141293739021', '', '', '8.1707954', '99.7049451', 0, '2017-05-03 17:22:48', ''),
(159, 1, 'ปั้มๆ', '1496141293739021', '', '', '8.1707954', '99.7049451', 0, '2017-05-04 17:22:48', ''),
(160, 1, 'ปั้มๆ', '1496141293739021', '', '', '8.1707954', '99.7049451', 0, '2017-05-05 17:22:48', ''),
(161, 1, 'ปั้มๆ', '1496141293739021', '', '', '8.1707954', '99.7049451', 0, '2017-05-06 17:22:48', ''),
(162, 1, 'ปั้มๆ', '1496141293739021', '', '', '8.1707954', '99.7049451', 0, '2017-05-07 17:22:48', ''),
(163, 1, 'ปั้มๆ', '1496141293739021', '', '', '8.1707954', '99.7049451', 0, '2017-05-08 17:22:48', ''),
(164, 1, 'ปั้มๆ', '1496141293739021', '', '', '8.1707954', '99.7049451', 0, '2017-05-09 17:22:48', ''),
(165, 1, 'ปั้มๆ', '1496141293739021', '', '', '8.1707954', '99.7049451', 0, '2017-05-10 17:22:48', ''),
(166, 1, 'ปั้มๆ', '1496141293739021', '', '', '8.1707954', '99.7049451', 0, '2017-05-11 17:22:48', ''),
(167, 1, 'ปั้มๆ', '1496141293739021', '', '', '8.1707954', '99.7049451', 0, '2017-05-12 17:22:48', ''),
(168, 1, 'ปั้มๆ', '1496141293739021', '', '', '8.1707954', '99.7049451', 0, '2017-05-13 17:22:48', ''),
(169, 1, 'ปั้มๆ', '1496141293739021', '', '', '8.1707954', '99.7049451', 0, '2017-05-14 17:22:48', ''),
(170, 1, 'ปั้มๆ', '1496141293739021', '', '', '8.1707954', '99.7049451', 0, '2017-05-15 17:22:48', ''),
(171, 2, 'ปั้มๆ', '1496141293739021', '', '', '8.1707954', '99.7049451', 0, '2017-05-01 17:22:48', ''),
(172, 2, 'ปั้มๆ', '1496141293739021', '', '', '8.1707954', '99.7049451', 0, '2017-05-02 17:22:48', ''),
(173, 2, 'ปั้มๆ', '1496141293739021', '', '', '8.1707954', '99.7049451', 0, '2017-05-03 17:22:48', ''),
(174, 2, 'ปั้มๆ', '1496141293739021', '', '', '8.1707954', '99.7049451', 0, '2017-05-04 17:22:48', ''),
(175, 2, 'ปั้มๆ', '1496141293739021', '', '', '8.1707954', '99.7049451', 0, '2017-05-06 17:22:48', ''),
(176, 2, 'ปั้มๆ', '1496141293739021', '', '', '8.1707954', '99.7049451', 0, '2017-05-07 17:22:48', ''),
(177, 2, 'ปั้มๆ', '1496141293739021', '', '', '8.1707954', '99.7049451', 0, '2017-05-09 17:22:48', ''),
(178, 2, 'ปั้มๆ', '1496141293739021', '', '', '8.1707954', '99.7049451', 0, '2017-05-10 17:22:48', ''),
(179, 2, 'ปั้มๆ', '1496141293739021', '', '', '8.1707954', '99.7049451', 0, '2017-05-13 17:22:48', ''),
(180, 2, 'ปั้มๆ', '1496141293739021', '', '', '8.1707954', '99.7049451', 0, '2017-05-14 17:22:48', ''),
(181, 2, 'ปั้มๆ', '1496141293739021', '', '', '8.1707954', '99.7049451', 0, '2017-05-15 17:22:48', ''),
(182, 2, 'ปั้มๆ', '1496141293739021', '', '', '8.1707954', '99.7049451', 0, '2017-05-01 17:22:48', ''),
(183, 2, 'ปั้มๆ', '1496141293739021', '', '', '8.1707954', '99.7049451', 0, '2017-05-02 17:22:48', ''),
(184, 2, 'ปั้มๆ', '1496141293739021', '', '', '8.1707954', '99.7049451', 0, '2017-05-03 17:22:48', ''),
(185, 2, 'ปั้มๆ', '1496141293739021', '', '', '8.1707954', '99.7049451', 0, '2017-05-04 17:22:48', ''),
(186, 2, 'ปั้มๆ', '1496141293739021', '', '', '8.1707954', '99.7049451', 0, '2017-05-07 17:22:48', ''),
(187, 2, 'ปั้มๆ', '1496141293739021', '', '', '8.1707954', '99.7049451', 0, '2017-05-10 17:22:48', ''),
(188, 2, 'ปั้มๆ', '1496141293739021', '', '', '8.1707954', '99.7049451', 0, '2017-05-13 17:22:48', ''),
(189, 2, 'ปั้มๆ', '1496141293739021', '', '', '8.1707954', '99.7049451', 0, '2017-05-15 17:22:48', ''),
(190, 2, 'ปั้มๆ', '1496141293739021', '', '', '8.1707954', '99.7049451', 0, '2017-05-01 17:22:48', ''),
(191, 2, 'ปั้มๆ', '1496141293739021', '', '', '8.1707954', '99.7049451', 0, '2017-05-02 17:22:48', ''),
(192, 2, 'ปั้มๆ', '1496141293739021', '', '', '8.1707954', '99.7049451', 0, '2017-05-13 17:22:48', ''),
(193, 2, 'ปั้มๆ', '1496141293739021', '', '', '8.1707954', '99.7049451', 0, '2017-05-14 17:22:48', ''),
(194, 2, 'ปั้มๆ', '1496141293739021', '', '', '8.1707954', '99.7049451', 0, '2017-05-15 17:22:48', ''),
(195, 3, 'ปั้มๆ', '1496141293739021', '', '', '8.1707954', '99.7049451', 0, '2017-05-01 17:22:48', ''),
(196, 3, 'ปั้มๆ', '1496141293739021', '', '', '8.1707954', '99.7049451', 0, '2017-05-02 17:22:48', ''),
(197, 3, 'ปั้มๆ', '1496141293739021', '', '', '8.1707954', '99.7049451', 0, '2017-05-03 17:22:48', ''),
(198, 3, 'ปั้มๆ', '1496141293739021', '', '', '8.1707954', '99.7049451', 0, '2017-05-04 17:22:48', ''),
(199, 3, 'ปั้มๆ', '1496141293739021', '', '', '8.1707954', '99.7049451', 0, '2017-05-06 17:22:48', ''),
(200, 3, 'ปั้มๆ', '1496141293739021', '', '', '8.1707954', '99.7049451', 0, '2017-05-07 17:22:48', ''),
(201, 3, 'ปั้มๆ', '1496141293739021', '', '', '8.1707954', '99.7049451', 0, '2017-05-09 17:22:48', ''),
(202, 3, 'ปั้มๆ', '1496141293739021', '', '', '8.1707954', '99.7049451', 0, '2017-05-10 17:22:48', ''),
(203, 3, 'ปั้มๆ', '1496141293739021', '', '', '8.1707954', '99.7049451', 0, '2017-05-13 17:22:48', ''),
(204, 3, 'ปั้มๆ', '1496141293739021', '', '', '8.1707954', '99.7049451', 0, '2017-05-14 17:22:48', ''),
(205, 3, 'ปั้มๆ', '1496141293739021', '', '', '8.1707954', '99.7049451', 0, '2017-05-15 17:22:48', ''),
(206, 3, 'ปั้มๆ', '1496141293739021', '', '', '8.1707954', '99.7049451', 0, '2017-05-01 17:22:48', ''),
(207, 3, 'ปั้มๆ', '1496141293739021', '', '', '8.1707954', '99.7049451', 0, '2017-05-02 17:22:48', ''),
(208, 3, 'ปั้มๆ', '1496141293739021', '', '', '8.1707954', '99.7049451', 0, '2017-05-03 17:22:48', ''),
(209, 3, 'ปั้มๆ', '1496141293739021', '', '', '8.1707954', '99.7049451', 0, '2017-05-04 17:22:48', ''),
(210, 3, 'ปั้มๆ', '1496141293739021', '', '', '8.1707954', '99.7049451', 0, '2017-05-13 17:22:48', ''),
(211, 3, 'ปั้มๆ', '1496141293739021', '', '', '8.1707954', '99.7049451', 0, '2017-05-14 17:22:48', ''),
(212, 3, 'ปั้มๆ', '1496141293739021', '', '', '8.1707954', '99.7049451', 0, '2017-05-15 17:22:48', ''),
(213, 3, 'ปั้มๆ', '1496141293739021', '', '', '8.1707954', '99.7049451', 0, '2017-05-01 17:22:48', ''),
(214, 3, 'ปั้มๆ', '1496141293739021', '', '', '8.1707954', '99.7049451', 0, '2017-05-02 17:22:48', ''),
(215, 3, 'ปั้มๆ', '1496141293739021', '', '', '8.1707954', '99.7049451', 0, '2017-05-04 17:22:48', ''),
(216, 3, 'ปั้มๆ', '1496141293739021', '', '', '8.1707954', '99.7049451', 0, '2017-05-06 17:22:48', ''),
(217, 3, 'ปั้มๆ', '1496141293739021', '', '', '8.1707954', '99.7049451', 0, '2017-05-07 17:22:48', ''),
(218, 3, 'ปั้มๆ', '1496141293739021', '', '', '8.1707954', '99.7049451', 0, '2017-05-09 17:22:48', ''),
(219, 3, 'ปั้มๆ', '1496141293739021', '', '', '8.1707954', '99.7049451', 0, '2017-05-10 17:22:48', ''),
(220, 3, 'ปั้มๆ', '1496141293739021', '', '', '8.1707954', '99.7049451', 0, '2017-05-14 17:22:48', ''),
(221, 3, 'ปั้มๆ', '1496141293739021', '', '', '8.1707954', '99.7049451', 0, '2017-05-15 17:22:48', ''),
(222, 4, 'ปั้มๆ', '1496141293739021', '', '', '8.1707954', '99.7049451', 0, '2017-05-01 17:22:48', ''),
(223, 4, 'ปั้มๆ', '1496141293739021', '', '', '8.1707954', '99.7049451', 0, '2017-05-02 17:22:48', ''),
(224, 4, 'ปั้มๆ', '1496141293739021', '', '', '8.1707954', '99.7049451', 0, '2017-05-03 17:22:48', ''),
(225, 4, 'ปั้มๆ', '1496141293739021', '', '', '8.1707954', '99.7049451', 0, '2017-05-04 17:22:48', ''),
(226, 4, 'ปั้มๆ', '1496141293739021', '', '', '8.1707954', '99.7049451', 0, '2017-05-06 17:22:48', ''),
(227, 4, 'ปั้มๆ', '1496141293739021', '', '', '8.1707954', '99.7049451', 0, '2017-05-07 17:22:48', ''),
(228, 4, 'ปั้มๆ', '1496141293739021', '', '', '8.1707954', '99.7049451', 0, '2017-05-09 17:22:48', ''),
(229, 4, 'ปั้มๆ', '1496141293739021', '', '', '8.1707954', '99.7049451', 0, '2017-05-10 17:22:48', ''),
(230, 4, 'ปั้มๆ', '1496141293739021', '', '', '8.1707954', '99.7049451', 0, '2017-05-13 17:22:48', ''),
(231, 4, 'ปั้มๆ', '1496141293739021', '', '', '8.1707954', '99.7049451', 0, '2017-05-14 17:22:48', ''),
(232, 4, 'ปั้มๆ', '1496141293739021', '', '', '8.1707954', '99.7049451', 0, '2017-05-15 17:22:48', ''),
(233, 4, 'ปั้มๆ', '1496141293739021', '', '', '8.1707954', '99.7049451', 0, '2017-05-01 17:22:48', ''),
(234, 4, 'ปั้มๆ', '1496141293739021', '', '', '8.1707954', '99.7049451', 0, '2017-05-14 17:22:48', ''),
(235, 4, 'ปั้มๆ', '1496141293739021', '', '', '8.1707954', '99.7049451', 0, '2017-05-15 17:22:48', ''),
(236, 4, 'ปั้มๆ', '1496141293739021', '', '', '8.1707954', '99.7049451', 0, '2017-05-01 17:22:48', ''),
(237, 4, 'ปั้มๆ', '1496141293739021', '', '', '8.1707954', '99.7049451', 0, '2017-05-02 17:22:48', ''),
(238, 4, 'ปั้มๆ', '1496141293739021', '', '', '8.1707954', '99.7049451', 0, '2017-05-03 17:22:48', ''),
(239, 4, 'ปั้มๆ', '1496141293739021', '', '', '8.1707954', '99.7049451', 0, '2017-05-06 17:22:48', ''),
(240, 4, 'ปั้มๆ', '1496141293739021', '', '', '8.1707954', '99.7049451', 0, '2017-05-07 17:22:48', ''),
(241, 4, 'ปั้มๆ', '1496141293739021', '', '', '8.1707954', '99.7049451', 0, '2017-05-09 17:22:48', ''),
(242, 4, 'ปั้มๆ', '1496141293739021', '', '', '8.1707954', '99.7049451', 0, '2017-05-13 17:22:48', ''),
(243, 4, 'ปั้มๆ', '1496141293739021', '', '', '8.1707954', '99.7049451', 0, '2017-05-15 17:22:48', ''),
(244, 4, 'ปั้มๆ', '1496141293739021', '', '', '8.1707954', '99.7049451', 0, '2017-05-16 17:22:48', ''),
(245, 4, 'ปั้มๆ', '1496141293739021', '', '', '8.1707954', '99.7049451', 0, '2017-05-17 17:22:48', ''),
(246, 4, 'ปั้มๆ', '1496141293739021', '', '', '8.1707954', '99.7049451', 0, '2017-05-18 17:22:48', ''),
(247, 4, 'ปั้มๆ', '1496141293739021', '', '', '8.1707954', '99.7049451', 0, '2017-05-19 17:22:48', ''),
(248, 4, 'ปั้มๆ', '1496141293739021', '', '', '8.1707954', '99.7049451', 0, '2017-05-20 17:22:48', ''),
(249, 4, 'ปั้มๆ', '1496141293739021', '', '', '8.1707954', '99.7049451', 0, '2017-05-21 17:22:48', ''),
(250, 4, 'ปั้มๆ', '1496141293739021', '', '', '8.1707954', '99.7049451', 0, '2017-05-22 17:22:48', ''),
(251, 4, 'ปั้มๆ', '1496141293739021', '', '', '8.1707954', '99.7049451', 0, '2017-05-23 17:22:48', ''),
(252, 4, 'ปั้มๆ', '1496141293739021', '', '', '8.1707954', '99.7049451', 0, '2017-05-24 17:22:48', ''),
(253, 4, 'ปั้มๆ', '1496141293739021', '', '', '8.1707954', '99.7049451', 0, '2017-05-25 17:22:48', ''),
(254, 4, 'ปั้มๆ', '1496141293739021', '', '', '8.1707954', '99.7049451', 0, '2017-05-26 17:22:48', ''),
(255, 4, 'ปั้มๆ', '1496141293739021', '', '', '8.1707954', '99.7049451', 0, '2017-05-27 17:22:48', ''),
(256, 4, 'ปั้มๆ', '1496141293739021', '', '', '8.1707954', '99.7049451', 0, '2017-05-28 17:22:48', ''),
(257, 4, 'ปั้มๆ', '1496141293739021', '', '', '8.1707954', '99.7049451', 0, '2017-05-29 17:22:48', ''),
(258, 4, 'ปั้มๆ', '1496141293739021', '', '', '8.1707954', '99.7049451', 0, '2017-05-31 17:22:48', ''),
(259, 4, 'ปั้มๆ', '1496141293739021', '', '', '8.1707954', '99.7049451', 0, '2017-05-16 17:22:48', ''),
(260, 4, 'ปั้มๆ', '1496141293739021', '', '', '8.1707954', '99.7049451', 0, '2017-05-17 17:22:48', ''),
(261, 4, 'ปั้มๆ', '1496141293739021', '', '', '8.1707954', '99.7049451', 0, '2017-05-25 17:22:48', ''),
(262, 4, 'ปั้มๆ', '1496141293739021', '', '', '8.1707954', '99.7049451', 0, '2017-05-26 17:22:48', ''),
(263, 4, 'ปั้มๆ', '1496141293739021', '', '', '8.1707954', '99.7049451', 0, '2017-05-29 17:22:48', ''),
(264, 4, 'ปั้มๆ', '1496141293739021', '', '', '8.1707954', '99.7049451', 0, '2017-05-31 17:22:48', ''),
(265, 4, 'ปั้มๆ', '1496141293739021', '', '', '8.1707954', '99.7049451', 0, '2017-05-16 17:22:48', ''),
(266, 4, 'ปั้มๆ', '1496141293739021', '', '', '8.1707954', '99.7049451', 0, '2017-05-17 17:22:48', ''),
(267, 4, 'ปั้มๆ', '1496141293739021', '', '', '8.1707954', '99.7049451', 0, '2017-05-20 17:22:48', ''),
(268, 4, 'ปั้มๆ', '1496141293739021', '', '', '8.1707954', '99.7049451', 0, '2017-05-22 17:22:48', ''),
(269, 4, 'ปั้มๆ', '1496141293739021', '', '', '8.1707954', '99.7049451', 0, '2017-05-23 17:22:48', ''),
(270, 4, 'ปั้มๆ', '1496141293739021', '', '', '8.1707954', '99.7049451', 0, '2017-05-26 17:22:48', ''),
(271, 4, 'ปั้มๆ', '1496141293739021', '', '', '8.1707954', '99.7049451', 0, '2017-05-27 17:22:48', ''),
(272, 4, 'ปั้มๆ', '1496141293739021', '', '', '8.1707954', '99.7049451', 0, '2017-05-29 17:22:48', ''),
(273, 3, 'ปั้มๆ', '1496141293739021', '', '', '8.1707954', '99.7049451', 0, '2017-05-16 17:22:48', ''),
(274, 3, 'ปั้มๆ', '1496141293739021', '', '', '8.1707954', '99.7049451', 0, '2017-05-17 17:22:48', ''),
(275, 3, 'ปั้มๆ', '1496141293739021', '', '', '8.1707954', '99.7049451', 0, '2017-05-18 17:22:48', ''),
(276, 3, 'ปั้มๆ', '1496141293739021', '', '', '8.1707954', '99.7049451', 0, '2017-05-21 17:22:48', ''),
(277, 3, 'ปั้มๆ', '1496141293739021', '', '', '8.1707954', '99.7049451', 0, '2017-05-31 17:22:48', ''),
(278, 3, 'ปั้มๆ', '1496141293739021', '', '', '8.1707954', '99.7049451', 0, '2017-05-16 17:22:48', ''),
(279, 3, 'ปั้มๆ', '1496141293739021', '', '', '8.1707954', '99.7049451', 0, '2017-05-17 17:22:48', ''),
(280, 3, 'ปั้มๆ', '1496141293739021', '', '', '8.1707954', '99.7049451', 0, '2017-05-18 17:22:48', ''),
(281, 3, 'ปั้มๆ', '1496141293739021', '', '', '8.1707954', '99.7049451', 0, '2017-05-23 17:22:48', ''),
(282, 3, 'ปั้มๆ', '1496141293739021', '', '', '8.1707954', '99.7049451', 0, '2017-05-24 17:22:48', ''),
(283, 3, 'ปั้มๆ', '1496141293739021', '', '', '8.1707954', '99.7049451', 0, '2017-05-27 17:22:48', ''),
(284, 3, 'ปั้มๆ', '1496141293739021', '', '', '8.1707954', '99.7049451', 0, '2017-05-28 17:22:48', ''),
(285, 3, 'ปั้มๆ', '1496141293739021', '', '', '8.1707954', '99.7049451', 0, '2017-05-29 17:22:48', ''),
(286, 3, 'ปั้มๆ', '1496141293739021', '', '', '8.1707954', '99.7049451', 0, '2017-05-31 17:22:48', ''),
(287, 3, 'ปั้มๆ', '1496141293739021', '', '', '8.1707954', '99.7049451', 0, '2017-05-16 17:22:48', ''),
(288, 3, 'ปั้มๆ', '1496141293739021', '', '', '8.1707954', '99.7049451', 0, '2017-05-17 17:22:48', ''),
(289, 3, 'ปั้มๆ', '1496141293739021', '', '', '8.1707954', '99.7049451', 0, '2017-05-31 17:22:48', ''),
(290, 2, 'ปั้มๆ', '1496141293739021', '', '', '8.1707954', '99.7049451', 0, '2017-05-16 17:22:48', ''),
(291, 2, 'ปั้มๆ', '1496141293739021', '', '', '8.1707954', '99.7049451', 0, '2017-05-17 17:22:48', ''),
(292, 2, 'ปั้มๆ', '1496141293739021', '', '', '8.1707954', '99.7049451', 0, '2017-05-18 17:22:48', ''),
(293, 2, 'ปั้มๆ', '1496141293739021', '', '', '8.1707954', '99.7049451', 0, '2017-05-19 17:22:48', ''),
(294, 2, 'ปั้มๆ', '1496141293739021', '', '', '8.1707954', '99.7049451', 0, '2017-05-20 17:22:48', ''),
(295, 2, 'ปั้มๆ', '1496141293739021', '', '', '8.1707954', '99.7049451', 0, '2017-05-21 17:22:48', ''),
(296, 2, 'ปั้มๆ', '1496141293739021', '', '', '8.1707954', '99.7049451', 0, '2017-05-22 17:22:48', ''),
(297, 2, 'ปั้มๆ', '1496141293739021', '', '', '8.1707954', '99.7049451', 0, '2017-05-23 17:22:48', ''),
(298, 2, 'ปั้มๆ', '1496141293739021', '', '', '8.1707954', '99.7049451', 0, '2017-05-24 17:22:48', ''),
(299, 2, 'ปั้มๆ', '1496141293739021', '', '', '8.1707954', '99.7049451', 0, '2017-05-25 17:22:48', ''),
(300, 2, 'ปั้มๆ', '1496141293739021', '', '', '8.1707954', '99.7049451', 0, '2017-05-26 17:22:48', ''),
(301, 2, 'ปั้มๆ', '1496141293739021', '', '', '8.1707954', '99.7049451', 0, '2017-05-27 17:22:48', ''),
(302, 2, 'ปั้มๆ', '1496141293739021', '', '', '8.1707954', '99.7049451', 0, '2017-05-28 17:22:48', ''),
(303, 2, 'ปั้มๆ', '1496141293739021', '', '', '8.1707954', '99.7049451', 0, '2017-05-29 17:22:48', ''),
(304, 2, 'ปั้มๆ', '1496141293739021', '', '', '8.1707954', '99.7049451', 0, '2017-05-31 17:22:48', ''),
(305, 2, 'ปั้มๆ', '1496141293739021', '', '', '8.1707954', '99.7049451', 0, '2017-05-16 17:22:48', ''),
(306, 2, 'ปั้มๆ', '1496141293739021', '', '', '8.1707954', '99.7049451', 0, '2017-05-17 17:22:48', ''),
(307, 2, 'ปั้มๆ', '1496141293739021', '', '', '8.1707954', '99.7049451', 0, '2017-05-22 17:22:48', ''),
(308, 2, 'ปั้มๆ', '1496141293739021', '', '', '8.1707954', '99.7049451', 0, '2017-05-23 17:22:48', ''),
(309, 2, 'ปั้มๆ', '1496141293739021', '', '', '8.1707954', '99.7049451', 0, '2017-05-24 17:22:48', ''),
(310, 2, 'ปั้มๆ', '1496141293739021', '', '', '8.1707954', '99.7049451', 0, '2017-05-31 17:22:48', ''),
(311, 2, 'ปั้มๆ', '1496141293739021', '', '', '8.1707954', '99.7049451', 0, '2017-05-16 17:22:48', ''),
(312, 2, 'ปั้มๆ', '1496141293739021', '', '', '8.1707954', '99.7049451', 0, '2017-05-17 17:22:48', ''),
(313, 2, 'ปั้มๆ', '1496141293739021', '', '', '8.1707954', '99.7049451', 0, '2017-05-22 17:22:48', ''),
(314, 2, 'ปั้มๆ', '1496141293739021', '', '', '8.1707954', '99.7049451', 0, '2017-05-23 17:22:48', ''),
(315, 2, 'ปั้มๆ', '1496141293739021', '', '', '8.1707954', '99.7049451', 0, '2017-05-24 17:22:48', ''),
(316, 2, 'ปั้มๆ', '1496141293739021', '', '', '8.1707954', '99.7049451', 0, '2017-05-31 17:22:48', ''),
(317, 1, 'วันที่ 86', '237679433383299', '', '', '13.9154476', '100.5884949', 0, '2017-06-08 13:09:11', ''),
(318, 1, '', '237679433383299', '', '', '13.9154476', '100.5884949', 0, '2017-06-08 13:22:48', ''),
(319, 1, '', '237679433383299', '', '', '13.9154476', '100.5884949', 0, '2017-06-08 13:35:21', ''),
(320, 1, 'yyyy', '237679433383299', '', '', '13.9154476', '100.5884949', 0, '2017-06-08 13:36:13', ''),
(321, 1, 'yypooo', '237679433383299', '', '', '13.9154543', '100.5884938', 0, '2017-06-08 13:36:44', ''),
(322, 1, 'bnm', '237679433383299', '0817371393', '237679433383299', '13.9154476', '100.5884949', 1, '2017-06-08 13:38:30', '2017-06-08 13:55:21'),
(323, 1, 'testๆๆๆ', '1496141293739021', '', '', '8.170831694037938', '99.70472004264592', 0, '2017-05-10 17:22:48', ''),
(324, 1, 'testๆๆๆ', '1496141293739021', '', '', '8.170831694037938', '99.70472004264592', 0, '2017-07-03 00:22:48', ''),
(325, 1, 'testๆๆๆ', '1496141293739021', '', '', '8.170831694037938', '99.70472004264592', 0, '2017-07-03 00:22:48', ''),
(326, 1, 'testๆๆๆ', '1496141293739021', '', '', '8.170831694037938', '99.70472004264592', 0, '2017-07-03 00:22:48', ''),
(327, 1, 'testๆๆๆ', '1496141293739021', '', '', '8.170831694037938', '99.70472004264592', 0, '2017-07-03 00:22:48', ''),
(328, 1, 'testๆๆๆ', '1496141293739021', '', '', '8.170831694037938', '99.70472004264592', 0, '2017-07-03 00:22:48', ''),
(329, 1, 'testๆๆๆ', '1496141293739021', '', '', '8.170831694037938', '99.70472004264592', 0, '2017-07-03 00:22:48', ''),
(330, 1, 'testๆๆๆ', '1496141293739021', '', '', '8.170831694037938', '99.70472004264592', 0, '2017-07-03 00:22:48', ''),
(331, 1, 'testๆๆๆ', '1496141293739021', '', '', '8.170831694037938', '99.70472004264592', 0, '2017-07-03 00:22:48', ''),
(332, 1, 'testๆๆๆ', '1496141293739021', '', '', '8.170831694037938', '99.70472004264592', 0, '2017-07-03 00:22:48', ''),
(333, 1, 'testๆๆๆ', '1496141293739021', '', '', '8.170831694037938', '99.70472004264592', 0, '2017-07-03 00:22:48', ''),
(334, 1, 'testๆๆๆ', '1496141293739021', '', '', '8.170831694037938', '99.70472004264592', 0, '2017-07-03 00:22:48', ''),
(335, 1, 'testๆๆๆ', '1496141293739021', '', '', '8.170831694037938', '99.70472004264592', 0, '2017-07-03 00:22:48', ''),
(336, 1, 'testๆๆๆ', '1496141293739021', '', '', '8.170831694037938', '99.70472004264592', 0, '2017-07-03 00:22:48', ''),
(337, 1, 'testๆๆๆ', '1496141293739021', '', '', '8.170831694037938', '99.70472004264592', 0, '2017-07-03 00:22:48', ''),
(338, 1, 'testๆๆๆ', '1496141293739021', '', '', '8.170831694037938', '99.70472004264592', 0, '2017-07-03 00:22:48', ''),
(339, 1, 'testๆๆๆ', '1496141293739021', '', '', '8.170831694037938', '99.70472004264592', 0, '2017-07-03 00:22:48', ''),
(340, 1, 'testๆๆๆ', '1496141293739021', '', '', '8.170831694037938', '99.70472004264592', 0, '2017-07-03 00:22:48', ''),
(341, 1, 'testๆๆๆ', '1496141293739021', '', '', '8.170831694037938', '99.70472004264592', 0, '2017-07-03 00:22:48', ''),
(342, 1, 'testๆๆๆ', '1496141293739021', '', '', '8.170831694037938', '99.70472004264592', 0, '2017-07-03 00:22:48', ''),
(343, 1, 'testๆๆๆ', '1496141293739021', '', '', '8.170831694037938', '99.70472004264592', 0, '2017-07-03 00:22:48', ''),
(344, 1, 'testๆๆๆ', '1496141293739021', '', '', '8.170831694037938', '99.70472004264592', 0, '2017-07-03 00:22:48', ''),
(345, 1, 'testๆๆๆ', '1496141293739021', '', '', '8.170831694037938', '99.70472004264592', 0, '2017-07-03 00:22:48', ''),
(346, 1, 'testๆๆๆ', '1496141293739021', '', '', '8.170831694037938', '99.70472004264592', 0, '2017-07-03 00:22:48', ''),
(347, 1, 'testๆๆๆ', '1496141293739021', '', '', '8.170831694037938', '99.70472004264592', 0, '2017-07-03 00:22:48', ''),
(348, 1, 'testๆๆๆ', '1496141293739021', '', '', '8.170831694037938', '99.70472004264592', 0, '2017-07-03 00:22:48', ''),
(349, 1, 'testๆๆๆ', '1496141293739021', '', '', '8.170831694037938', '99.70472004264592', 0, '2017-07-03 00:22:48', ''),
(350, 1, 'testๆๆๆ', '1496141293739021', '', '', '8.170831694037938', '99.70472004264592', 0, '2017-07-03 00:22:48', ''),
(351, 1, 'testๆๆๆ', '1496141293739021', '', '', '8.170831694037938', '99.70472004264592', 0, '2017-07-03 00:22:48', ''),
(352, 1, 'testๆๆๆ', '1496141293739021', '', '', '8.170831694037938', '99.70472004264592', 0, '2017-07-03 00:22:48', ''),
(353, 1, 'testๆๆๆ', '1496141293739021', '', '', '8.170831694037938', '99.70472004264592', 0, '2017-07-03 00:22:48', ''),
(354, 1, 'testๆๆๆ', '1496141293739021', '', '', '8.170831694037938', '99.70472004264592', 0, '2017-07-03 00:22:48', ''),
(355, 1, 'testๆๆๆ', '1496141293739021', '', '', '8.170831694037938', '99.70472004264592', 0, '2017-07-03 00:22:48', ''),
(356, 1, 'testๆๆๆ', '1496141293739021', '', '', '8.170831694037938', '99.70472004264592', 0, '2017-07-03 00:22:48', ''),
(357, 1, 'testๆๆๆ', '1496141293739021', '', '', '8.170831694037938', '99.70472004264592', 0, '2017-07-03 00:22:48', ''),
(358, 1, 'testๆๆๆ', '1496141293739021', '', '', '8.170831694037938', '99.70472004264592', 0, '2017-07-03 00:22:48', ''),
(359, 1, 'testๆๆๆ', '1496141293739021', '', '', '8.170831694037938', '99.70472004264592', 0, '2017-07-03 00:22:48', ''),
(360, 1, 'testๆๆๆ', '1496141293739021', '', '', '8.170831694037938', '99.70472004264592', 0, '2017-07-03 00:22:48', ''),
(361, 1, 'testๆๆๆ', '1496141293739021', '', '', '8.170831694037938', '99.70472004264592', 0, '2017-07-03 00:22:48', ''),
(362, 1, 'testๆๆๆ', '1496141293739021', '', '', '8.170831694037938', '99.70472004264592', 0, '2017-07-03 00:22:48', ''),
(363, 1, 'testๆๆๆ', '1496141293739021', '', '', '8.170831694037938', '99.70472004264592', 0, '2017-07-03 00:22:48', ''),
(364, 1, 'testๆๆๆ', '1496141293739021', '', '', '8.170831694037938', '99.70472004264592', 0, '2017-07-03 00:22:48', ''),
(365, 1, 'testๆๆๆ', '1496141293739021', '', '', '8.170831694037938', '99.70472004264592', 0, '2017-07-03 00:22:48', ''),
(366, 1, 'testๆๆๆ', '1496141293739021', '', '', '8.170831694037938', '99.70472004264592', 0, '2017-07-03 00:22:48', ''),
(367, 1, 'testๆๆๆ', '1496141293739021', '', '', '8.170831694037938', '99.70472004264592', 0, '2017-07-03 00:22:48', ''),
(368, 1, 'testๆๆๆ', '1496141293739021', '', '', '8.170831694037938', '99.70472004264592', 0, '2017-07-03 00:22:48', ''),
(369, 1, 'testๆๆๆ', '1496141293739021', '', '', '8.170831694037938', '99.70472004264592', 0, '2017-07-03 00:22:48', ''),
(370, 1, 'testๆๆๆ', '1496141293739021', '', '', '8.170831694037938', '99.70472004264592', 0, '2017-07-03 00:22:48', ''),
(371, 1, 'testๆๆๆ', '1496141293739021', '', '', '8.170831694037938', '99.70472004264592', 0, '2017-07-03 00:22:48', ''),
(372, 1, 'testๆๆๆ', '1496141293739021', '', '', '8.170831694037938', '99.70472004264592', 0, '2017-07-03 00:22:48', ''),
(373, 1, 'testๆๆๆ', '1496141293739021', '', '', '8.170831694037938', '99.70472004264592', 0, '2017-07-03 00:22:48', ''),
(374, 1, 'testๆๆๆ', '1496141293739021', '', '', '8.170831694037938', '99.70472004264592', 0, '2017-07-03 00:22:48', ''),
(375, 1, 'testๆๆๆ', '1496141293739021', '', '', '8.170831694037938', '99.70472004264592', 0, '2017-07-03 00:22:48', ''),
(376, 1, 'testๆๆๆ', '1496141293739021', '', '', '8.170831694037938', '99.70472004264592', 0, '2017-07-03 00:22:48', ''),
(377, 1, 'testๆๆๆ', '1496141293739021', '', '', '8.170831694037938', '99.70472004264592', 0, '2017-07-03 00:22:48', ''),
(378, 1, 'testๆๆๆ', '1496141293739021', '', '', '8.170831694037938', '99.70472004264592', 0, '2017-07-03 00:22:48', ''),
(379, 1, 'testๆๆๆ', '1496141293739021', '', '', '8.170831694037938', '99.70472004264592', 0, '2017-07-03 00:22:48', ''),
(380, 1, 'testๆๆๆ', '1496141293739021', '', '', '8.170831694037938', '99.70472004264592', 0, '2017-07-03 00:22:48', ''),
(381, 1, 'testๆๆๆ', '1496141293739021', '', '', '8.170831694037938', '99.70472004264592', 0, '2017-07-03 00:22:48', ''),
(382, 1, 'testๆๆๆ', '1496141293739021', '', '', '8.170831694037938', '99.70472004264592', 0, '2017-07-03 00:22:48', ''),
(383, 1, 'testๆๆๆ', '1496141293739021', '', '', '8.170831694037938', '99.70472004264592', 0, '2017-07-03 00:22:48', ''),
(384, 1, 'testๆๆๆ', '1496141293739021', '', '', '8.170831694037938', '99.70472004264592', 0, '2017-07-03 00:22:48', ''),
(385, 1, 'testๆๆๆ', '1496141293739021', '', '', '8.170831694037938', '99.70472004264592', 0, '2017-07-03 00:22:48', ''),
(386, 1, 'testๆๆๆ', '1496141293739021', '', '', '8.170831694037938', '99.70472004264592', 0, '2017-07-03 00:22:48', ''),
(387, 1, 'testๆๆๆ', '1496141293739021', '', '', '8.170831694037938', '99.70472004264592', 0, '2017-07-03 00:22:48', ''),
(388, 1, 'testๆๆๆ', '1496141293739021', '', '', '8.170831694037938', '99.70472004264592', 0, '2017-07-03 00:22:48', ''),
(389, 1, 'testๆๆๆ', '1496141293739021', '', '', '8.170831694037938', '99.70472004264592', 0, '2017-07-03 00:22:48', ''),
(390, 1, 'testๆๆๆ', '1496141293739021', '', '', '8.170831694037938', '99.70472004264592', 0, '2017-07-03 00:22:48', ''),
(391, 1, 'testๆๆๆ', '1496141293739021', '', '', '8.170831694037938', '99.70472004264592', 0, '2017-07-03 00:22:48', ''),
(392, 1, 'testๆๆๆ', '1496141293739021', '', '', '8.170831694037938', '99.70472004264592', 0, '2017-07-03 00:22:48', ''),
(393, 1, 'testๆๆๆ', '1496141293739021', '', '', '8.170831694037938', '99.70472004264592', 0, '2017-07-03 00:22:48', ''),
(394, 1, 'testๆๆๆ', '1496141293739021', '', '', '8.170831694037938', '99.70472004264592', 0, '2017-07-03 00:22:48', ''),
(395, 1, 'testๆๆๆ', '1496141293739021', '', '', '8.170831694037938', '99.70472004264592', 0, '2017-07-03 00:22:48', ''),
(396, 1, 'testๆๆๆ', '1496141293739021', '', '', '8.170831694037938', '99.70472004264592', 0, '2017-07-03 00:22:48', ''),
(397, 1, 'testๆๆๆ', '1496141293739021', '', '', '8.170831694037938', '99.70472004264592', 0, '2017-07-03 00:22:48', ''),
(398, 1, 'testๆๆๆ', '1496141293739021', '', '', '8.170831694037938', '99.70472004264592', 0, '2017-07-03 00:22:48', ''),
(399, 1, 'testๆๆๆ', '1496141293739021', '', '', '8.170831694037938', '99.70472004264592', 0, '2017-07-03 00:22:48', ''),
(400, 1, 'testๆๆๆ', '1496141293739021', '', '', '8.170831694037938', '99.70472004264592', 0, '2017-07-03 00:22:48', ''),
(401, 1, 'testๆๆๆ', '1496141293739021', '', '', '8.170831694037938', '99.70472004264592', 0, '2017-07-03 00:22:48', ''),
(402, 1, 'testๆๆๆ', '1496141293739021', '', '', '8.170831694037938', '99.70472004264592', 0, '2017-07-03 00:22:48', ''),
(403, 1, 'testๆๆๆ', '1496141293739021', '', '', '8.170831694037938', '99.70472004264592', 0, '2017-07-03 00:22:48', ''),
(404, 1, 'testๆๆๆ', '1496141293739021', '', '', '8.170831694037938', '99.70472004264592', 0, '2017-07-03 00:22:48', ''),
(405, 1, 'testๆๆๆ', '1496141293739021', '', '', '8.170831694037938', '99.70472004264592', 0, '2017-07-03 00:22:48', ''),
(406, 1, 'testๆๆๆ', '1496141293739021', '', '', '8.170831694037938', '99.70472004264592', 0, '2017-07-03 00:22:48', ''),
(407, 1, 'testๆๆๆ', '1496141293739021', '', '', '8.170831694037938', '99.70472004264592', 0, '2017-07-03 00:22:48', ''),
(408, 1, 'testๆๆๆ', '1496141293739021', '', '', '8.170831694037938', '99.70472004264592', 0, '2017-07-03 00:22:48', ''),
(409, 1, 'testๆๆๆ', '1496141293739021', '', '', '8.170831694037938', '99.70472004264592', 0, '2017-07-03 00:22:48', ''),
(410, 1, 'testๆๆๆ', '1496141293739021', '', '', '8.170831694037938', '99.70472004264592', 0, '2017-07-03 00:22:48', ''),
(411, 1, 'testๆๆๆ', '1496141293739021', '', '', '8.170831694037938', '99.70472004264592', 0, '2017-07-03 00:22:48', ''),
(412, 1, 'testๆๆๆ', '1496141293739021', '', '', '8.170831694037938', '99.70472004264592', 0, '2017-07-03 00:22:48', ''),
(413, 1, 'testๆๆๆ', '1496141293739021', '', '', '8.170831694037938', '99.70472004264592', 0, '2017-07-03 00:22:48', ''),
(414, 1, 'ััพพพ', '1573676312706180', '8383', '', '8.1707222', '99.7049179', 0, '2017-07-19 11:33:05', '');

-- --------------------------------------------------------

--
-- Table structure for table `accident_image`
--

DROP TABLE IF EXISTS `accident_image`;
CREATE TABLE IF NOT EXISTS `accident_image` (
  `id` int(10) NOT NULL AUTO_INCREMENT,
  `accident_id` int(10) NOT NULL,
  `image` varchar(256) NOT NULL,
  PRIMARY KEY (`id`)
) ENGINE=InnoDB  DEFAULT CHARSET=utf8 AUTO_INCREMENT=74 ;

--
-- Dumping data for table `accident_image`
--

INSERT INTO `accident_image` (`id`, `accident_id`, `image`) VALUES
(60, 129, 'uploads/129_2017_05_11_10_01_I5G20170511100136.jpg'),
(63, 130, 'uploads/130_2017_05_12_08_14_I5G20170512081410.jpg'),
(64, 131, 'uploads/131_2017_05_15_14_24_I5G20170515142423.jpg'),
(65, 133, 'uploads/133_2017_05_15_15_52_I5G20170515155224.jpg'),
(70, 143, 'uploads/143_2017_06_03_23_48_I6G20170603234803.jpg'),
(71, 148, 'uploads/148_2017_06_03_23_51_I6G20170603235108.jpg'),
(72, 151, 'uploads/151_2017_06_03_23_53_P23OTO_20170429_223736.jpg'),
(73, 152, 'uploads/152_2017_06_03_23_53_20170530_152300.jpg');

-- --------------------------------------------------------

--
-- Table structure for table `accident_type`
--

DROP TABLE IF EXISTS `accident_type`;
CREATE TABLE IF NOT EXISTS `accident_type` (
  `id` int(10) NOT NULL AUTO_INCREMENT,
  `title` varchar(20) NOT NULL,
  `color` varchar(7) NOT NULL,
  `image` varchar(256) NOT NULL,
  PRIMARY KEY (`id`)
) ENGINE=InnoDB  DEFAULT CHARSET=utf8 AUTO_INCREMENT=5 ;

--
-- Dumping data for table `accident_type`
--

INSERT INTO `accident_type` (`id`, `title`, `color`, `image`) VALUES
(1, 'อุบัติเหตุจราจร', '#f4511e', 'uploads/car.png'),
(2, 'อุบัติเหตุอัคคีภัย', '#ffb300', 'uploads/fire.png'),
(3, 'อุบัติเหตุทั่วไป', '#00acc1', 'uploads/human.png'),
(4, 'เกี่ยวกับสัตว์', '#8c9eff', 'uploads/snake.png');

-- --------------------------------------------------------

--
-- Table structure for table `user`
--

DROP TABLE IF EXISTS `user`;
CREATE TABLE IF NOT EXISTS `user` (
  `user_id` varchar(32) NOT NULL,
  `current_name` varchar(64) NOT NULL,
  `type` int(1) NOT NULL,
  `status` int(1) NOT NULL DEFAULT '1',
  `register_date` varchar(20) NOT NULL,
  `last_use_date` varchar(20) NOT NULL,
  PRIMARY KEY (`user_id`)
) ENGINE=InnoDB DEFAULT CHARSET=utf8;

--
-- Dumping data for table `user`
--

INSERT INTO `user` (`user_id`, `current_name`, `type`, `status`, `register_date`, `last_use_date`) VALUES
('10213255603489040', 'Poramate Homprakob', 1, 1, '2017-05-12 00:18:48', '2017-07-20 21:34:25'),
('1204103043045637', 'Hnungrutai Somthong', 0, 0, '2017-05-16 14:55:20', '2017-05-16 15:11:56'),
('1496141293739021', 'Kritsada Suksom', 2, 1, '2017-05-15 23:04:52', '2017-06-07 21:01:47'),
('1573676312706180', 'Github Tit', 0, 1, '2017-05-15 23:07:57', '2017-07-19 11:33:06'),
('1653374238009517', 'Ple Prapapan Khongkeaw', 0, 1, '2017-05-12 00:18:48', '2017-05-12 00:18:48'),
('1734480096569399', 'Nam Kaewkorn', 0, 1, '2017-05-15 15:55:38', '2017-05-15 15:55:38'),
('1961235784106567', 'Sutap Pooklang', 0, 1, '2017-05-15 16:11:54', '2017-05-16 15:55:25'),
('227360921092126', 'Poramate ThePingpong', 0, 0, '2017-05-15 03:23:30', '2017-05-15 03:23:30'),
('237679433383299', 'แบตนิ รับทีตะ', 2, 1, '2017-04-16 00:24:22', '2017-07-03 01:26:56');

/*!40101 SET CHARACTER_SET_CLIENT=@OLD_CHARACTER_SET_CLIENT */;
/*!40101 SET CHARACTER_SET_RESULTS=@OLD_CHARACTER_SET_RESULTS */;
/*!40101 SET COLLATION_CONNECTION=@OLD_COLLATION_CONNECTION */;
